{
  "cookies": [
    {
      "name": "session-username",
      "value": "standard_user",
      "domain": "www.saucedemo.com",
      "path": "/",
      "expires": 1747917745,
      "httpOnly": false,
      "secure": false,
      "sameSite": "Lax"
    }
  ],
  "origins": [
    {
      "origin": "https://www.saucedemo.com",
      "localStorage": [
        {
          "name": "backtrace-guid",
          "value": "f2d35162-9ddf-4d32-b02e-ada291fab165"
        },
        {
          "name": "backtrace-last-active",
          "value": "1747917145010"
        }
      ]
    }
  ]
}