{
  "cookies": [
    {
      "name": "session-username",
      "value": "standard_user",
      "domain": "www.saucedemo.com",
      "path": "/",
      "expires": 1747397795,
      "httpOnly": false,
      "secure": false,
      "sameSite": "Lax"
    }
  ],
  "origins": [
    {
      "origin": "https://www.saucedemo.com",
      "localStorage": [
        {
          "name": "backtrace-guid",
          "value": "029b18b3-9aba-4b06-aec4-0880fe089d08"
        },
        {
          "name": "backtrace-last-active",
          "value": "1747397194459"
        }
      ]
    }
  ]
}