{
  "cookies": [
    {
      "name": "session-username",
      "value": "standard_user",
      "domain": "www.saucedemo.com",
      "path": "/",
      "expires": 1747825284,
      "httpOnly": false,
      "secure": false,
      "sameSite": "Lax"
    }
  ],
  "origins": [
    {
      "origin": "https://www.saucedemo.com",
      "localStorage": [
        {
          "name": "backtrace-guid",
          "value": "f0e9bfbc-e756-4902-9bdd-e7b0b88b7892"
        },
        {
          "name": "backtrace-last-active",
          "value": "1747824683054"
        }
      ]
    }
  ]
}